patient_id,diagnosis,visit_date
P001,DEPRESSION,2023-01-15
P001,DEPRESSION,2023-02-20
P002,ANXIETY,2023-03-05
P002,DEPRESSION,2023-05-20
P003,BIPOLAR DISORDER,2023-01-10
P003,BIPOLAR DISORDER,2023-05-10
P004,SCHIZOPHRENIA,2023-06-01
P005,DEPRESSION,2023-02-25
P006,SCHIZOPHRENIA,2023-03-15
P007,ANXIETY,2023-03-20
P007,ANXIETY,2023-06-15
P008,PTSD,2023-04-01
P009,DEPRESSION,2023-04-05
P010,ANXIETY,2023-01-25
